1600000US0107000,0107000,"Birmingham city, Alabama",211670,604
1600000US0121184,0121184,"Dothan city, Alabama",66121,787
1600000US0135896,0135896,"Hoover city, Alabama",80376,2905
1600000US0137000,0137000,"Huntsville city, Alabama",181126,1122
1600000US0150000,0150000,"Mobile city, Alabama",195249,35
1600000US0151000,0151000,"Montgomery city, Alabama",206655,4096
1600000US0177256,0177256,"Tuscaloosa city, Alabama",90637,32
1600000US0203000,0203000,"Anchorage municipality, Alaska",293227,
1600000US0404720,0404720,"Avondale city, Arizona",76446,33
1600000US0412000,0412000,"Chandler city, Arizona",236775,56
1600000US0423620,0423620,"Flagstaff city, Arizona",65976,26
1600000US0427400,0427400,"Gilbert town, Arizona",209007,53
1600000US0427820,0427820,"Glendale city, Arizona",227358,106
1600000US0428380,0428380,"Goodyear city, Arizona",65445,25
1600000US0446000,0446000,"Mesa city, Arizona",440248,88
1600000US0454050,0454050,"Peoria city, Arizona",154475,48
1600000US0455000,0455000,"Phoenix city, Arizona",1449481,142
1600000US0464210,0464210,"San Tan Valley CDP, Arizona",74977,8016
1600000US0465000,0465000,"Scottsdale city, Arizona",217977,28
1600000US0471510,0471510,"Surprise city, Arizona",117826,41
1600000US0473000,0473000,"Tempe city, Arizona",162123,45
1600000US0477000,0477000,"Tucson city, Arizona",521132,109
1600000US0485540,0485540,"Yuma city, Arizona",93409,29
1600000US0523290,0523290,"Fayetteville city, Arkansas",73946,32
1600000US0524550,0524550,"Fort Smith city, Arkansas",86338,32
1600000US0535710,0535710,"Jonesboro city, Arkansas",67486,24
1600000US0541000,0541000,"Little Rock city, Arkansas",193973,37
1600000US0566080,0566080,"Springdale city, Arkansas",70751,2305
1600000US0600562,0600562,"Alameda city, California",73981,43
1600000US0600884,0600884,"Alhambra city, California",83202,49
1600000US0602000,0602000,"Anaheim city, California",337259,65
1600000US0602252,0602252,"Antioch city, California",102745,30
1600000US0602364,0602364,"Apple Valley town, California",69387,27
1600000US0602553,0602553,"Arden-Arcade CDP, California",87272,6631
1600000US0603526,0603526,"Bakersfield city, California",348582,52
1600000US0603666,0603666,"Baldwin Park city, California",75496,52
1600000US0604982,0604982,"Bellflower city, California",76717,41
1600000US0606000,0606000,"Berkeley city, California",112824,32
1600000US0608786,0608786,"Buena Park city, California",80766,37
1600000US0608954,0608954,"Burbank city, California",103472,36
1600000US0610046,0610046,"Camarillo city, California",65406,59
1600000US0611194,0611194,"Carlsbad city, California",105707,44
1600000US0611530,0611530,"Carson city, California",91828,37
1600000US0613014,0613014,"Chico city, California",86213,24
1600000US0613210,0613210,"Chino city, California",78237,29
1600000US0613214,0613214,"Chino Hills city, California",75070,37
1600000US0613392,0613392,"Chula Vista city, California",244789,45
1600000US0613588,0613588,"Citrus Heights city, California",83490,26
1600000US0614218,0614218,"Clovis city, California",95915,42
1600000US0615044,0615044,"Compton city, California",96558,58
1600000US0616000,0616000,"Concord city, California",122508,32
1600000US0616350,0616350,"Corona city, California",153335,42
1600000US0616532,0616532,"Costa Mesa city, California",110253,69
1600000US0617918,0617918,"Daly City city, California",101361,40
1600000US0618100,0618100,"Davis city, California",65740,32
1600000US0619766,0619766,"Downey city, California",111922,51
1600000US0620802,0620802,"East Los Angeles CDP, California",127198,9921
1600000US0621712,0621712,"El Cajon city, California",99841,61
1600000US0622020,0622020,"Elk Grove city, California",153401,143
1600000US0622230,0622230,"El Monte city, California",113614,29
1600000US0622804,0622804,"Escondido city, California",144402,62
1600000US0623182,0623182,"Fairfield city, California",105580,56
1600000US0624638,0624638,"Folsom city, California",72348,29
1600000US0624680,0624680,"Fontana city, California",196778,42
1600000US0626000,0626000,"Fremont city, California",214613,52
1600000US0627000,0627000,"Fresno city, California",496147,64
1600000US0628000,0628000,"Fullerton city, California",135541,43
1600000US0629000,0629000,"Garden Grove city, California",171386,39
1600000US0630000,0630000,"Glendale city, California",191954,35
1600000US0632548,0632548,"Hawthorne city, California",84382,53
1600000US0633000,0633000,"Hayward city, California",144549,46
1600000US0633182,0633182,"Hemet city, California",79157,38
1600000US0633434,0633434,"Hesperia city, California",90486,62
1600000US0636000,0636000,"Huntington Beach city, California",190541,48
1600000US0636448,0636448,"Indio city, California",76512,26
1600000US0636546,0636546,"Inglewood city, California",109799,33
1600000US0636770,0636770,"Irvine city, California",212982,46
1600000US0639496,0639496,"Lake Forest city, California",77482,40
1600000US0639892,0639892,"Lakewood city, California",80154,48
1600000US0640130,0640130,"Lancaster city, California",156786,95
1600000US0641992,0641992,"Livermore city, California",81178,37
1600000US0643000,0643000,"Long Beach city, California",462793,73
1600000US0644000,0644000,"Los Angeles city, California",3797144,74
1600000US0644574,0644574,"Lynwood city, California",69863,35
1600000US0645484,0645484,"Manteca city, California",67338,26
1600000US0646842,0646842,"Menifee city, California",78018,35
1600000US0646898,0646898,"Merced city, California",79254,46
1600000US0647766,0647766,"Milpitas city, California",67011,27
1600000US0648256,0648256,"Mission Viejo city, California",93585,44
1600000US0648354,0648354,"Modesto city, California",201520,39
1600000US0649270,0649270,"Moreno Valley city, California",194592,50
1600000US0649670,0649670,"Mountain View city, California",74320,30
1600000US0650076,0650076,"Murrieta city, California",104108,57
1600000US0650258,0650258,"Napa city, California",77122,31
1600000US0651182,0651182,"Newport Beach city, California",85442,39
1600000US0652526,0652526,"Norwalk city, California",105686,40
1600000US0653000,0653000,"Oakland city, California",391672,60
1600000US0653322,0653322,"Oceanside city, California",167680,39
1600000US0653896,0653896,"Ontario city, California",164517,37
1600000US0653980,0653980,"Orange city, California",136803,43
1600000US0654652,0654652,"Oxnard city, California",198484,44
1600000US0655156,0655156,"Palmdale city, California",152944,42
1600000US0656000,0656000,"Pasadena city, California",137294,52
1600000US0656700,0656700,"Perris city, California",68816,31
1600000US0657456,0657456,"Pittsburg city, California",63510,60
1600000US0657792,0657792,"Pleasanton city, California",70456,28
1600000US0658072,0658072,"Pomona city, California",149225,56
1600000US0659451,0659451,"Rancho Cucamonga city, California",165858,35
1600000US0659920,0659920,"Redding city, California",89901,30
1600000US0659962,0659962,"Redlands city, California",68994,32
1600000US0660018,0660018,"Redondo Beach city, California",66825,26
1600000US0660102,0660102,"Redwood City city, California",77013,55
1600000US0660466,0660466,"Rialto city, California",99530,32
1600000US0660620,0660620,"Richmond city, California",104059,72
1600000US0662000,0662000,"Riverside city, California",305707,88
1600000US0662938,0662938,"Roseville city, California",119335,35
1600000US0664000,0664000,"Sacramento city, California",467503,110
1600000US0664224,0664224,"Salinas city, California",151031,70
1600000US0665000,0665000,"San Bernardino city, California",210670,61
1600000US0665042,0665042,"San Buenaventura city, California",106730,37
1600000US0666000,0666000,"San Diego city, California",1311886,86
1600000US0667000,0667000,"San Francisco city, California",805463,
1600000US0668000,0668000,"San Jose city, California",949197,102
1600000US0668084,0668084,"San Leandro city, California",85159,35
1600000US0668196,0668196,"San Marcos city, California",84079,32
1600000US0668252,0668252,"San Mateo city, California",97461,83
1600000US0668378,0668378,"San Ramon city, California",72404,40
1600000US0669000,0669000,"Santa Ana city, California",325483,46
1600000US0669070,0669070,"Santa Barbara city, California",88579,38
1600000US0669084,0669084,"Santa Clara city, California",116864,39
1600000US0669088,0669088,"Santa Clarita city, California",176535,46
1600000US0669196,0669196,"Santa Maria city, California",99747,31
1600000US0670000,0670000,"Santa Monica city, California",89861,71
1600000US0670098,0670098,"Santa Rosa city, California",168244,37
1600000US0672016,0672016,"Simi Valley city, California",124596,33
1600000US0673080,0673080,"South Gate city, California",94503,42
1600000US0675000,0675000,"Stockton city, California",292747,49
1600000US0677000,0677000,"Sunnyvale city, California",140549,48
1600000US0678120,0678120,"Temecula city, California",100751,74
1600000US0678582,0678582,"Thousand Oaks city, California",127041,38
1600000US0680000,0680000,"Torrance city, California",145618,35
1600000US0680238,0680238,"Tracy city, California",83223,29
1600000US0680812,0680812,"Turlock city, California",68663,31
1600000US0680854,0680854,"Tustin city, California",75769,49
1600000US0681204,0681204,"Union City city, California",69696,36
1600000US0681344,0681344,"Upland city, California",73991,39
1600000US0681554,0681554,"Vacaville city, California",92623,35
1600000US0681666,0681666,"Vallejo city, California",116217,50
1600000US0682590,0682590,"Victorville city, California",116305,38
1600000US0682954,0682954,"Visalia city, California",124866,30
1600000US0682996,0682996,"Vista city, California",94170,43
1600000US0684200,0684200,"West Covina city, California",106221,36
1600000US0684550,0684550,"Westminster city, California",89971,49
1600000US0685292,0685292,"Whittier city, California",85433,31
1600000US0686832,0686832,"Yorba Linda city, California",64414,40
1600000US0803455,0803455,"Arvada city, Colorado",107604,2957
1600000US0804000,0804000,"Aurora city, Colorado",326719,119
1600000US0807850,0807850,"Boulder city, Colorado",97585,51
1600000US0812815,0812815,"Centennial city, Colorado",100909,39
1600000US0816000,0816000,"Colorado Springs city, Colorado",419586,45
1600000US0820000,0820000,"Denver city, Colorado",604414,
1600000US0827425,0827425,"Fort Collins city, Colorado",144453,33
1600000US0832155,0832155,"Greeley city, Colorado",93389,53
1600000US0836410,0836410,"Highlands Ranch CDP, Colorado",95503,4861
1600000US0843000,0843000,"Lakewood city, Colorado",143230,59
1600000US0845970,0845970,"Longmont city, Colorado",86429,35
1600000US0846465,0846465,"Loveland city, Colorado",67100,43
1600000US0862000,0862000,"Pueblo city, Colorado",106865,20
1600000US0877290,0877290,"Thornton city, Colorado",119324,67
1600000US0883835,0883835,"Westminster city, Colorado",106518,72
1600000US0908000,0908000,"Bridgeport city, Connecticut",144521,31
1600000US0918430,0918430,"Danbury city, Connecticut",81043,45
1600000US0937000,0937000,"Hartford city, Connecticut",124847,46
1600000US0950370,0950370,"New Britain city, Connecticut",73247,28
1600000US0952000,0952000,"New Haven city, Connecticut",129849,32
1600000US0955990,0955990,"Norwalk city, Connecticut",85793,51
1600000US0973000,0973000,"Stamford city, Connecticut",122902,37
1600000US0980000,0980000,"Waterbury city, Connecticut",110430,30
1600000US1077580,1077580,"Wilmington city, Delaware",70921,30
1600000US1150000,1150000,"Washington city, District of Columbia",604453,
1600000US1200410,1200410,"Alafaya CDP, Florida",84809,8197
1600000US1207300,1207300,"Boca Raton city, Florida",84604,40
1600000US1207875,1207875,"Boynton Beach city, Florida",68380,37
1600000US1208150,1208150,"Brandon CDP, Florida",102939,9040
1600000US1210275,1210275,"Cape Coral city, Florida",154668,42
1600000US1212875,1212875,"Clearwater city, Florida",107697,50
1600000US1214400,1214400,"Coral Springs city, Florida",121492,54
1600000US1216475,1216475,"Davie town, Florida",92290,40
1600000US1216725,1216725,"Deerfield Beach city, Florida",75245,48
1600000US1217200,1217200,"Deltona city, Florida",85183,53
1600000US1224000,1224000,"Fort Lauderdale city, Florida",166039,36
1600000US1224125,1224125,"Fort Myers city, Florida",62429,30
1600000US1225175,1225175,"Gainesville city, Florida",124433,31
1600000US1230000,1230000,"Hialeah city, Florida",225461,83
1600000US1232000,1232000,"Hollywood city, Florida",141202,57
1600000US1235000,1235000,"Jacksonville city, Florida",823316,21
1600000US1236100,1236100,"Kendall CDP, Florida",82561,7827
1600000US1238250,1238250,"Lakeland city, Florida",97530,37
1600000US1239425,1239425,"Largo city, Florida",77663,33
1600000US1239550,1239550,"Lauderhill city, Florida",67100,30
1600000US1239925,1239925,"Lehigh Acres CDP, Florida",88196,8148
1600000US1243975,1243975,"Melbourne city, Florida",76083,51
1600000US1245000,1245000,"Miami city, Florida",400892,55
1600000US1245025,1245025,"Miami Beach city, Florida",88110,64
1600000US1245060,1245060,"Miami Gardens city, Florida",107559,36
1600000US1245975,1245975,"Miramar city, Florida",122438,52
1600000US1253000,1253000,"Orlando city, Florida",239037,57
1600000US1254000,1254000,"Palm Bay city, Florida",103225,37
1600000US1254200,1254200,"Palm Coast city, Florida",77473,2618
1600000US1255775,1255775,"Pembroke Pines city, Florida",155252,64
1600000US1257425,1257425,"Plantation city, Florida",85217,33
1600000US1258050,1258050,"Pompano Beach city, Florida",100154,33
1600000US1258715,1258715,"Port St. Lucie city, Florida",165153,54
1600000US1260950,1260950,"Riverview CDP, Florida",66415,7344
1600000US1263000,1263000,"St. Petersburg city, Florida",244818,40
1600000US1268350,1268350,"Spring Hill CDP, Florida",97103,4582
1600000US1269700,1269700,"Sunrise city, Florida",84717,45
1600000US1270600,1270600,"Tallahassee city, Florida",181734,40
1600000US1271000,1271000,"Tampa city, Florida",336945,46
1600000US1272145,1272145,"Town 'n' Country CDP, Florida",81175,7951
1600000US1276582,1276582,"Weston city, Florida",65528,51
1600000US1276600,1276600,"West Palm Beach city, Florida",100175,53
1600000US1301052,1301052,"Albany city, Georgia",78971,2697
1600000US1303440,1303440,"Athens-Clarke County, Georgia",115465,396
1600000US1304000,1304000,"Atlanta city, Georgia",422338,34
1600000US1304204,1304204,"Augusta-Richmond County, Georgia",196386,1768
1600000US1319000,1319000,"Columbus city, Georgia",190417,
1600000US1342425,1342425,"Johns Creek city, Georgia",77207,35
1600000US1349000,1349000,"Macon city, Georgia",91524,669
1600000US1367284,1367284,"Roswell city, Georgia",88908,37
1600000US1368516,1368516,"Sandy Springs city, Georgia",94441,26
1600000US1369000,1369000,"Savannah city, Georgia",136651,38
1600000US1380508,1380508,"Warner Robins city, Georgia",66757,231
1600000US1571550,1571550,"Urban Honolulu CDP, Hawaii",338909,11382
1600000US1608830,1608830,"Boise City city, Idaho",206286,32
1600000US1652120,1652120,"Meridian city, Idaho",75324,33
1600000US1656260,1656260,"Nampa city, Idaho",81781,34
1600000US1702154,1702154,"Arlington Heights village, Illinois",77009,2063
1600000US1703012,1703012,"Aurora city, Illinois",193582,6636
1600000US1706613,1706613,"Bloomington city, Illinois",76730,25
1600000US1707133,1707133,"Bolingbrook village, Illinois",73027,3475
1600000US1712385,1712385,"Champaign city, Illinois",81164,42
1600000US1714000,1714000,"Chicago city, Illinois",2698831,46
1600000US1714351,1714351,"Cicero town, Illinois",84002,33
1600000US1718823,1718823,"Decatur city, Illinois",76268,2617
1600000US1723074,1723074,"Elgin city, Illinois",108273,3511
1600000US1724582,1724582,"Evanston city, Illinois",74549,70
1600000US1738570,1738570,"Joliet city, Illinois",150856,4905
1600000US1751622,1751622,"Naperville city, Illinois",141483,1427
1600000US1757225,1757225,"Palatine village, Illinois",68596,29
1600000US1759000,1759000,"Peoria city, Illinois",114966,1653
1600000US1765000,1765000,"Rockford city, Illinois",152220,2382
1600000US1768003,1768003,"Schaumburg village, Illinois",73279,2120
1600000US1770122,1770122,"Skokie village, Illinois",64861,27
1600000US1772000,1772000,"Springfield city, Illinois",116188,261
1600000US1779293,1779293,"Waukegan city, Illinois",87729,3969
1600000US1805860,1805860,"Bloomington city, Indiana",81096,2373
1600000US1810342,1810342,"Carmel city, Indiana",79447,1319
1600000US1822000,1822000,"Evansville city, Indiana",115833,2830
1600000US1823278,1823278,"Fishers town, Indiana",77579,2464
1600000US1825000,1825000,"Fort Wayne city, Indiana",253696,4094
1600000US1827000,1827000,"Gary city, Indiana",80840,562
1600000US1831000,1831000,"Hammond city, Indiana",80812,60
1600000US1836003,1836003,"Indianapolis city, Indiana",824199,3852
1600000US1840788,1840788,"Lafayette city, Indiana",65261,2865
1600000US1851876,1851876,"Muncie city, Indiana",68651,1257
1600000US1871000,1871000,"South Bend city, Indiana",107072,3142
1600000US1912000,1912000,"Cedar Rapids city, Iowa",126498,37
1600000US1919000,1919000,"Davenport city, Iowa",100068,58
1600000US1921000,1921000,"Des Moines city, Iowa",204196,68
1600000US1938595,1938595,"Iowa City city, Iowa",68027,28
1600000US1973335,1973335,"Sioux City city, Iowa",82378,1949
1600000US1982425,1982425,"Waterloo city, Iowa",68472,27
1600000US2036000,2036000,"Kansas City city, Kansas",147798,2121
1600000US2038900,2038900,"Lawrence city, Kansas",92718,2554
1600000US2052575,2052575,"Olathe city, Kansas",126256,46
1600000US2053775,2053775,"Overland Park city, Kansas",173909,45
1600000US2071000,2071000,"Topeka city, Kansas",127727,37
1600000US2079000,2079000,"Wichita city, Kansas",383142,62
1600000US2146027,2146027,"Lexington-Fayette, Kentucky",296765,
1600000US2148006,2148006,"Louisville, Kentucky",598230,101
1600000US2205000,2205000,"Baton Rouge city, Louisiana",229859,50
1600000US2239475,2239475,"Kenner city, Louisiana",66681,32
1600000US2240735,2240735,"Lafayette city, Louisiana",120871,34
1600000US2241155,2241155,"Lake Charles city, Louisiana",72163,29
1600000US2250115,2250115,"Metairie CDP, Louisiana",132938,7730
1600000US2255000,2255000,"New Orleans city, Louisiana",347858,
1600000US2270000,2270000,"Shreveport city, Louisiana",198934,1160
1600000US2360545,2360545,"Portland city, Maine",66150,30
1600000US2404000,2404000,"Baltimore city, Maryland",620583,
1600000US2419125,2419125,"Columbia CDP, Maryland",102239,6279
1600000US2426000,2426000,"Ellicott City CDP, Maryland",67241,5221
1600000US2430325,2430325,"Frederick city, Maryland",65439,28
1600000US2432025,2432025,"Germantown CDP, Maryland",83372,6948
1600000US2472450,2472450,"Silver Spring CDP, Maryland",76534,6478
1600000US2481175,2481175,"Waldorf CDP, Maryland",68961,4766
1600000US2507000,2507000,"Boston city, Massachusetts",621383,2359
1600000US2509000,2509000,"Brockton city, Massachusetts",93973,25
1600000US2511000,2511000,"Cambridge city, Massachusetts",105337,28
1600000US2523000,2523000,"Fall River city, Massachusetts",88894,57
1600000US2524960,2524960,"Framingham CDP, Massachusetts",68461,52
1600000US2534550,2534550,"Lawrence city, Massachusetts",76526,34
1600000US2537000,2537000,"Lowell city, Massachusetts",106730,33
1600000US2537490,2537490,"Lynn city, Massachusetts",90511,27
1600000US2545000,2545000,"New Bedford city, Massachusetts",95138,43
1600000US2545560,2545560,"Newton city, Massachusetts",85302,28
1600000US2555745,2555745,"Quincy city, Massachusetts",92486,27
1600000US2562535,2562535,"Somerville city, Massachusetts",75900,25
1600000US2567000,2567000,"Springfield city, Massachusetts",153115,41
1600000US2582000,2582000,"Worcester city, Massachusetts",181264,28
1600000US2603000,2603000,"Ann Arbor city, Michigan",114101,47
1600000US2621000,2621000,"Dearborn city, Michigan",97895,41
1600000US2622000,2622000,"Detroit city, Michigan",711910,89
1600000US2627440,2627440,"Farmington Hills city, Michigan",79768,56
1600000US2629000,2629000,"Flint city, Michigan",102231,26
1600000US2634000,2634000,"Grand Rapids city, Michigan",188214,35
1600000US2642160,2642160,"Kalamazoo city, Michigan",74382,33
1600000US2646000,2646000,"Lansing city, Michigan",114017,1245
1600000US2649000,2649000,"Livonia city, Michigan",96684,26
1600000US2669035,2669035,"Rochester Hills city, Michigan",71022,48
1600000US2674900,2674900,"Southfield city, Michigan",71785,35
1600000US2676460,2676460,"Sterling Heights city, Michigan",129734,40
1600000US2680700,2680700,"Troy city, Michigan",81037,49
1600000US2684000,2684000,"Warren city, Michigan",134075,32
1600000US2686000,2686000,"Westland city, Michigan",83860,35
1600000US2688940,2688940,"Wyoming city, Michigan",72209,49
1600000US2706616,2706616,"Bloomington city, Minnesota",83054,30
1600000US2707966,2707966,"Brooklyn Park city, Minnesota",75936,34
1600000US2717000,2717000,"Duluth city, Minnesota",86230,30
1600000US2743000,2743000,"Minneapolis city, Minnesota",383280,46
1600000US2751730,2751730,"Plymouth city, Minnesota",70710,26
1600000US2754880,2754880,"Rochester city, Minnesota",106963,29
1600000US2756896,2756896,"St. Cloud city, Minnesota",65885,2303
1600000US2758000,2758000,"St. Paul city, Minnesota",285439,39
1600000US2829700,2829700,"Gulfport city, Mississippi",68042,28
1600000US2836000,2836000,"Jackson city, Mississippi",173315,301
1600000US2915670,2915670,"Columbia city, Missouri",108872,41
1600000US2935000,2935000,"Independence city, Missouri",117027,36
1600000US2938000,2938000,"Kansas City city, Missouri",460665,152
1600000US2941348,2941348,"Lee's Summit city, Missouri",91229,776
1600000US2954074,2954074,"O'Fallon city, Missouri",79565,53
1600000US2964082,2964082,"St. Charles city, Missouri",65993,34
1600000US2964550,2964550,"St. Joseph city, Missouri",74853,1840
1600000US2965000,2965000,"St. Louis city, Missouri",319156,
1600000US2970000,2970000,"Springfield city, Missouri",159643,44
1600000US3006550,3006550,"Billings city, Montana",104491,26
1600000US3050200,3050200,"Missoula city, Montana",66905,21
1600000US3128000,3128000,"Lincoln city, Nebraska",259041,19
1600000US3137000,3137000,"Omaha city, Nebraska",410269,45
1600000US3223770,3223770,"Enterprise CDP, Nevada",118697,9743
1600000US3231900,3231900,"Henderson city, Nevada",258138,61
1600000US3240000,3240000,"Las Vegas city, Nevada",584641,61
1600000US3251800,3251800,"North Las Vegas city, Nevada",217304,49
1600000US3254600,3254600,"Paradise CDP, Nevada",215586,10637
1600000US3260600,3260600,"Reno city, Nevada",225818,34
1600000US3268400,3268400,"Sparks city, Nevada",90504,32
1600000US3268585,3268585,"Spring Valley CDP, Nevada",179830,9537
1600000US3271400,3271400,"Sunrise Manor CDP, Nevada",185286,10703
1600000US3345140,3345140,"Manchester city, New Hampshire",109655,26
1600000US3350260,3350260,"Nashua city, New Hampshire",86570,24
1600000US3410000,3410000,"Camden city, New Jersey",77331,31
1600000US3413690,3413690,"Clifton city, New Jersey",84249,36
1600000US3419390,3419390,"East Orange city, New Jersey",64299,29
1600000US3421000,3421000,"Elizabeth city, New Jersey",125222,56
1600000US3436000,3436000,"Jersey City city, New Jersey",248005,40
1600000US3451000,3451000,"Newark city, New Jersey",277232,35
1600000US3456550,3456550,"Passaic city, New Jersey",69870,22
1600000US3457000,3457000,"Paterson city, New Jersey",146377,40
1600000US3473110,3473110,"Toms River CDP, New Jersey",89390,820
1600000US3474000,3474000,"Trenton city, New Jersey",85015,63
1600000US3474630,3474630,"Union City city, New Jersey",66560,26
1600000US3502000,3502000,"Albuquerque city, New Mexico",547585,69
1600000US3539380,3539380,"Las Cruces city, New Mexico",98239,43
1600000US3563460,3563460,"Rio Rancho city, New Mexico",87954,85
1600000US3570500,3570500,"Santa Fe city, New Mexico",68157,28
1600000US3601000,3601000,"Albany city, New York",97737,31
1600000US3611000,3611000,"Buffalo city, New York",261210,40
1600000US3615000,3615000,"Cheektowaga CDP, New York",75018,3145
1600000US3649121,3649121,"Mount Vernon city, New York",67397,26
1600000US3650617,3650617,"New Rochelle city, New York",77177,28
1600000US3651000,3651000,"New York city, New York",8184899,
1600000US3663000,3663000,"Rochester city, New York",210595,58
1600000US3665508,3665508,"Schenectady city, New York",66202,23
1600000US3673000,3673000,"Syracuse city, New York",145216,33
1600000US3684000,3684000,"Yonkers city, New York",196277,39
1600000US3702140,3702140,"Asheville city, North Carolina",83570,25
1600000US3710740,3710740,"Cary town, North Carolina",135418,360
1600000US3712000,3712000,"Charlotte city, North Carolina",734418,91
1600000US3714100,3714100,"Concord city, North Carolina",79330,41
1600000US3719000,3719000,"Durham city, North Carolina",229029,34
1600000US3722920,3722920,"Fayetteville city, North Carolina",201077,32
1600000US3725580,3725580,"Gastonia city, North Carolina",71782,27
1600000US3728000,3728000,"Greensboro city, North Carolina",270357,41
1600000US3728080,3728080,"Greenville city, North Carolina",84879,25
1600000US3731400,3731400,"High Point city, North Carolina",103672,1724
1600000US3734200,3734200,"Jacksonville city, North Carolina",70705,47
1600000US3755000,3755000,"Raleigh city, North Carolina",406609,748
1600000US3774440,3774440,"Wilmington city, North Carolina",106819,34
1600000US3775000,3775000,"Winston-Salem city, North Carolina",230044,35
1600000US3825700,3825700,"Fargo city, North Dakota",106600,2285
1600000US3901000,3901000,"Akron city, Ohio",199030,29
1600000US3912000,3912000,"Canton city, Ohio",72958,28
1600000US3915000,3915000,"Cincinnati city, Ohio",296907,46
1600000US3916000,3916000,"Cleveland city, Ohio",396240,52
1600000US3918000,3918000,"Columbus city, Ohio",789939,3041
1600000US3921000,3921000,"Dayton city, Ohio",141501,33
1600000US3944856,3944856,"Lorain city, Ohio",64128,48
1600000US3961000,3961000,"Parma city, Ohio",81481,23
1600000US3977000,3977000,"Toledo city, Ohio",286979,39
1600000US3988000,3988000,"Youngstown city, Ohio",66835,20
1600000US4009050,4009050,"Broken Arrow city, Oklahoma",98523,2754
1600000US4023200,4023200,"Edmond city, Oklahoma",81696,32
1600000US4041850,4041850,"Lawton city, Oklahoma",97832,24
1600000US4052500,4052500,"Norman city, Oklahoma",111398,45
1600000US4055000,4055000,"Oklahoma City city, Oklahoma",582278,213
1600000US4075000,4075000,"Tulsa city, Oklahoma",393577,1516
1600000US4105350,4105350,"Beaverton city, Oregon",90150,33
1600000US4105800,4105800,"Bend city, Oregon",76723,29
1600000US4123850,4123850,"Eugene city, Oregon",156299,27
1600000US4131250,4131250,"Gresham city, Oregon",105973,39
1600000US4134100,4134100,"Hillsboro city, Oregon",91954,35
1600000US4147000,4147000,"Medford city, Oregon",75007,30
1600000US4159000,4159000,"Portland city, Oregon",585429,1106
1600000US4164900,4164900,"Salem city, Oregon",155004,53
1600000US4202000,4202000,"Allentown city, Pennsylvania",118240,30
1600000US4206088,4206088,"Bethlehem city, Pennsylvania",75233,3221
1600000US4224000,4224000,"Erie city, Pennsylvania",101821,30
1600000US4260000,4260000,"Philadelphia city, Pennsylvania",1528306,
1600000US4261000,4261000,"Pittsburgh city, Pennsylvania",305759,33
1600000US4263624,4263624,"Reading city, Pennsylvania",88175,30
1600000US4269000,4269000,"Scranton city, Pennsylvania",76068,23
1600000US4419180,4419180,"Cranston city, Rhode Island",80424,50
1600000US4454640,4454640,"Pawtucket city, Rhode Island",71204,37
1600000US4459000,4459000,"Providence city, Rhode Island",178162,45
1600000US4474300,4474300,"Warwick city, Rhode Island",82643,21
1600000US4513330,4513330,"Charleston city, South Carolina",119834,2017
1600000US4516000,4516000,"Columbia city, South Carolina",129139,137
1600000US4548535,4548535,"Mount Pleasant town, South Carolina",68112,66
1600000US4550875,4550875,"North Charleston city, South Carolina",95548,3059
1600000US4561405,4561405,"Rock Hill city, South Carolina",66395,54
1600000US4652980,4652980,"Rapid City city, South Dakota",68221,20
1600000US4659020,4659020,"Sioux Falls city, South Dakota",153959,1878
1600000US4714000,4714000,"Chattanooga city, Tennessee",168075,40
1600000US4715160,4715160,"Clarksville city, Tennessee",133669,42
1600000US4737640,4737640,"Jackson city, Tennessee",65279,18
1600000US4740000,4740000,"Knoxville city, Tennessee",179226,33
1600000US4748000,4748000,"Memphis city, Tennessee",647870,74
1600000US4751560,4751560,"Murfreesboro city, Tennessee",109220,33
1600000US4752006,4752006,"Nashville, Tennessee",602618,32
1600000US4801000,4801000,"Abilene city, Texas",119688,3437
1600000US4801924,4801924,"Allen city, Texas",84888,46
1600000US4803000,4803000,"Amarillo city, Texas",194161,2599
1600000US4804000,4804000,"Arlington city, Texas",367185,51
1600000US4804462,4804462,"Atascocita CDP, Texas",71245,7242
1600000US4805000,4805000,"Austin city, Texas",795518,62
1600000US4806128,4806128,"Baytown city, Texas",72418,1926
1600000US4807000,4807000,"Beaumont city, Texas",118355,28
1600000US4810768,4810768,"Brownsville city, Texas",175831,73
1600000US4810912,4810912,"Bryan city, Texas",76541,21
1600000US4813024,4813024,"Carrollton city, Texas",119759,42
1600000US4815976,4815976,"College Station city, Texas",94246,22
1600000US4817000,4817000,"Corpus Christi city, Texas",305442,26
1600000US4819000,4819000,"Dallas city, Texas",1202797,263
1600000US4819972,4819972,"Denton city, Texas",114100,34
1600000US4822660,4822660,"Edinburg city, Texas",77613,36
1600000US4824000,4824000,"El Paso city, Texas",652113,69
1600000US4826232,4826232,"Flower Mound town, Texas",66238,2232
1600000US4827000,4827000,"Fort Worth city, Texas",744114,1809
1600000US4827684,4827684,"Frisco city, Texas",117839,62
1600000US4829000,4829000,"Garland city, Texas",227604,187
1600000US4830464,4830464,"Grand Prairie city, Texas",176090,44
1600000US4832372,4832372,"Harlingen city, Texas",65124,60
1600000US4835000,4835000,"Houston city, Texas",2107208,880
1600000US4837000,4837000,"Irving city, Texas",217139,36
1600000US4839148,4839148,"Killeen city, Texas",129070,71
1600000US4841464,4841464,"Laredo city, Texas",237244,4406
1600000US4841980,4841980,"League City city, Texas",83848,898
1600000US4842508,4842508,"Lewisville city, Texas",95691,440
1600000US4843888,4843888,"Longview city, Texas",80238,647
1600000US4845000,4845000,"Lubbock city, Texas",230734,37
1600000US4845384,4845384,"McAllen city, Texas",130767,28
1600000US4845744,4845744,"McKinney city, Texas",132147,90
1600000US4847892,4847892,"Mesquite city, Texas",140293,61
1600000US4848072,4848072,"Midland city, Texas",111238,32
1600000US4848768,4848768,"Mission city, Texas",77586,29
1600000US4848804,4848804,"Missouri City city, Texas",69052,3019
1600000US4852356,4852356,"North Richland Hills city, Texas",63656,40
1600000US4853388,4853388,"Odessa city, Texas",99554,598
1600000US4856000,4856000,"Pasadena city, Texas",149722,52
1600000US4856348,4856348,"Pearland city, Texas",90811,1334
1600000US4857200,4857200,"Pharr city, Texas",70888,22
1600000US4858016,4858016,"Plano city, Texas",261697,1469
1600000US4861796,4861796,"Richardson city, Texas",99721,39
1600000US4863500,4863500,"Round Rock city, Texas",102441,1449
1600000US4864472,4864472,"San Angelo city, Texas",93804,2621
1600000US4865000,4865000,"San Antonio city, Texas",1334359,97
1600000US4870808,4870808,"Sugar Land city, Texas",79472,41
1600000US4872176,4872176,"Temple city, Texas",66686,34
1600000US4872656,4872656,"The Woodlands CDP, Texas",92076,5717
1600000US4874144,4874144,"Tyler city, Texas",97271,42
1600000US4876000,4876000,"Waco city, Texas",125410,89
1600000US4879000,4879000,"Wichita Falls city, Texas",104699,22
1600000US4943660,4943660,"Layton city, Utah",67612,30
1600000US4955980,4955980,"Ogden city, Utah",83171,27
1600000US4957300,4957300,"Orem city, Utah",88929,21
1600000US4962470,4962470,"Provo city, Utah",113196,29
1600000US4965330,4965330,"St. George city, Utah",73078,30
1600000US4967000,4967000,"Salt Lake City city, Utah",187215,57
1600000US4967440,4967440,"Sandy city, Utah",87818,42
1600000US4982950,4982950,"West Jordan city, Utah",104145,35
1600000US4983470,4983470,"West Valley City city, Utah",130026,42
1600000US5101000,5101000,"Alexandria city, Virginia",140912,
1600000US5103000,5103000,"Arlington CDP, Virginia",209457,
1600000US5114440,5114440,"Centreville CDP, Virginia",77022,7399
1600000US5116000,5116000,"Chesapeake city, Virginia",222986,
1600000US5121088,5121088,"Dale City CDP, Virginia",62021,6692
1600000US5135000,5135000,"Hampton city, Virginia",137381,
1600000US5147672,5147672,"Lynchburg city, Virginia",75686,
1600000US5156000,5156000,"Newport News city, Virginia",180712,
1600000US5157000,5157000,"Norfolk city, Virginia",243135,
1600000US5164000,5164000,"Portsmouth city, Virginia",95696,
1600000US5167000,5167000,"Richmond city, Virginia",204389,
1600000US5168000,5168000,"Roanoke city, Virginia",96967,
1600000US5176432,5176432,"Suffolk city, Virginia",84906,
1600000US5182000,5182000,"Virginia Beach city, Virginia",439172,
1600000US5303180,5303180,"Auburn city, Washington",70873,2206
1600000US5305210,5305210,"Bellevue city, Washington",122808,63
1600000US5305280,5305280,"Bellingham city, Washington",81067,34
1600000US5322640,5322640,"Everett city, Washington",103321,32
1600000US5323515,5323515,"Federal Way city, Washington",89622,30
1600000US5335275,5335275,"Kennewick city, Washington",74455,25
1600000US5335415,5335415,"Kent city, Washington",92722,50
1600000US5357745,5357745,"Renton city, Washington",91259,53
1600000US5363000,5363000,"Seattle city, Washington",610710,77
1600000US5367000,5367000,"Spokane city, Washington",209334,46
1600000US5367167,5367167,"Spokane Valley city, Washington",89927,41
1600000US5370000,5370000,"Tacoma city, Washington",198506,44
1600000US5374060,5374060,"Vancouver city, Washington",162430,40
1600000US5380010,5380010,"Yakima city, Washington",91525,40
1600000US5502375,5502375,"Appleton city, Wisconsin",71747,2489
1600000US5522300,5522300,"Eau Claire city, Wisconsin",65489,777
1600000US5531000,5531000,"Green Bay city, Wisconsin",104266,22
1600000US5539225,5539225,"Kenosha city, Wisconsin",99362,20
1600000US5548000,5548000,"Madison city, Wisconsin",233777,56
1600000US5553000,5553000,"Milwaukee city, Wisconsin",595587,35
1600000US5560500,5560500,"Oshkosh city, Wisconsin",66110,21
1600000US5566000,5566000,"Racine city, Wisconsin",78906,31
1600000US5584250,5584250,"Waukesha city, Wisconsin",70741,43
1600000US7206593,7206593,"Bayamón zona urbana, Puerto Rico",187219,3173
1600000US7210334,7210334,"Caguas zona urbana, Puerto Rico",81589,4839
1600000US7214290,7214290,"Carolina zona urbana, Puerto Rico",160324,2913
1600000US7232522,7232522,"Guaynabo zona urbana, Puerto Rico",72315,2945
1600000US7252431,7252431,"Mayagüez zona urbana, Puerto Rico",71129,3029
1600000US7263820,7263820,"Ponce zona urbana, Puerto Rico",134788,4275
1600000US7276770,7276770,"San Juan zona urbana, Puerto Rico",382900,2912
